"prov_num","prov_name","city","state","max_mds_census","min_hrs_rn_ctr","min_hrs_lpn_ctr","min_hrs_cna_ctr","underperforming_metrics"
"15032","DIVERSICARE OF FOLEY","FOLEY","AL","134","0.0","0.0","0.0","401, 406, 407, 410"
"15189","DIVERSICARE OF PELL CITY","PELL CITY","AL","61","0.0","0.0","0.0","407, 410, 401, 406"
"15209","DIVERSICARE OF BESSEMER","BESSEMER","AL","141","0.0","0.0","0.0","406, 401, 410, 407"
"15460","CHARLTON PLACE REHAB AND HEALTHCARE CENTER","DEATSVILLE","AL","64","0.0","0.0","0.0","407, 406, 401, 410"
"35016","HANDMAKER HOME FOR THE AGING","TUCSON","AZ","84","0.0","0.0","15.5","407, 406, 410, 401"
"35245","SUNVIEW RESPIRATORY AND REHABILITATION","YOUNGTOWN","AZ","123","9.25","0.0","0.0","410, 401, 407, 406"
"45243","THE PINES NURSING AND REHABILITATION CENTER","HOT SPRINGS","AR","76","0.0","0.0","0.0","407, 410, 401, 406"
"55064","COTTONWOOD CANYON HEALTHCARE CENTER","EL CAJON","CA","92","0.0","0.0","9.55","410, 401, 406, 407"
"55092","YUBA CITY POST ACUTE","YUBA CITY","CA","59","0.0","0.0","0.0","406, 401, 410, 407"
"55189","GREENFIELD CARE CENTER OF FAIRFIELD","FAIRFIELD","CA","60","0.0","0.0","57.06","406, 401, 407, 410"
"55255","CORONA HEALTH CARE CENTER","CORONA","CA","92","0.0","15.25","8.25","407, 406, 410, 401"
"55293","SANTA ANITA CONVALESCENT HOSPITAL","TEMPLE CITY","CA","367","0.0","0.0","0.0","410, 406, 401, 407"
"55307","DESERT CANYON POST ACUTE  LLC","LANCASTER","CA","97","0.0","0.0","0.0","406, 401, 407, 410"
"55330","ADVANCED REHAB CENTER OF TUSTIN","SANTA ANA","CA","97","0.0","0.0","0.0","406, 407, 401, 410"
"55512","WOLF CREEK CARE CENTER","GRASS VALLEY","CA","54","0.0","0.0","0.0","401, 406, 410, 407"
"55598","THE BRADLEY GARDENS","SAN JACINTO","CA","38","0.0","0.0","0.0","401, 410, 406, 407"
"55674","HEALTHCARE CENTER OF ORANGE COUNTY","BUENA PARK","CA","91","0.0","0.0","22.0","401, 407, 406, 410"
"55839","SAN LUIS CARE CENTER","NEWMAN","CA","56","0.0","0.0","0.0","410, 407, 401, 406"
"56026","EMPRESS CARE CENTER  LLC","SAN JOSE","CA","53","0.0","0.0","14.53","410, 406, 407, 401"
"56077","THE TAMALPAIS","GREENBRAE","CA","35","0.0","0.0","0.0","410, 406, 407, 401"
"56116","LOS ALTOS SUB-ACUTE AND REHABILITATION CENTER","LOS ALTOS","CA","144","0.0","0.0","0.0","406, 407, 410, 401"
"56198","KIT CARSON NURSING & REHABILITATION CENTER","JACKSON","CA","84","0.0","24.45","35.75","406, 401, 410, 407"
"56272","SAN FRANCISCO HEALTH CARE","SAN FRANCISCO","CA","117","8.5","0.0","57.9","401, 407, 410, 406"
"65009","ST PAUL HEALTH CENTER","DENVER","CO","114","0.0","3.77","0.0","406, 401, 407, 410"
"65195","ELK RIDGE HEALTH AND REHABILITATION CENTER","MONTROSE","CO","47","0.0","0.0","0.0","407, 406, 401, 410"
"65359","BENT COUNTY HEALTHCARE CENTER","LAS ANIMAS","CO","52","0.0","0.0","0.0","410, 407, 406, 401"
"65373","BEAR CREEK SENIOR LIVING","COLORADO SPRINGS","CO","37","0.0","0.0","0.0","401, 406, 410, 407"
"65400","LAKEWOOD POST ACUTE AND REHABILITATION","LAKEWOOD","CO","54","0.0","17.0","0.0","407, 410, 406, 401"
"75195","PARKWAY PAVILION HEALTH AND REHABILITATION CENTER","ENFIELD","CT","113","0.0","0.0","14.89","410, 407, 406, 401"
"75264","TOUCHPOINTS AT BLOOMFIELD","BLOOMFIELD","CT","144","0.0","8.5","0.0","410, 407, 406, 401"
"75332","VALERIE MANOR","TORRINGTON","CT","132","0.0","8.75","31.75","401, 406, 410, 407"
"75380","APPLE REHAB CROMWELL","CROMWELL","CT","75","0.0","0.0","0.0","410, 407, 406, 401"
"85010","MILFORD CENTER","MILFORD","DE","114","18.0","52.36","0.0","401, 407, 406, 410"
"85015","SEAFORD CENTER","SEAFORD","DE","96","0.0","33.64","0.0","410, 407, 406, 401"
"105117","SOUTH HERITAGE HEALTH & REHABILITATION CENTER","SAINT PETERSBURG","FL","62","0.0","0.0","0.0","410, 401, 406, 407"
"105292","EAGLE LAKE NURSING AND REHAB CARE CENTER","SAINT PETERSBURG","FL","45","0.0","0.0","7.32","407, 406, 401, 410"
"105336","PALMS CARE CENTER AND REHAB","LAUDERDALE LAKES","FL","114","10.5","0.0","0.0","401, 410, 406, 407"
"105351","CONCORDIA VILLAGE OF TAMPA","TAMPA","FL","69","0.0","0.0","0.0","410, 407, 401, 406"
"105690","HIGHLAND PINES REHABILITATION CENTER","CLEARWATER","FL","111","0.0","0.0","0.0","410, 407, 401, 406"
"105745","CYPRESS VILLAGE","JACKSONVILLE","FL","88","27.1","17.8","0.0","406, 407, 410, 401"
"105776","PORT ORANGE NURSING AND REHAB CENTER","PORT ORANGE","FL","106","0.0","0.0","0.0","407, 410, 401, 406"
"105966","LARSEN HEALTH CENTER","FORT MYERS","FL","145","0.0","0.0","10.0","407, 410, 401, 406"
"105982","PORT CHARLOTTE CENTER FOR NURSING & REHABILITATION","PORT CHARLOTTE","FL","114","0.0","0.0","0.0","406, 401, 407, 410"
"106052","HAVEN OF OUR LADY OF PEACE","PENSACOLA","FL","97","0.0","0.0","0.0","401, 410, 407, 406"
"106062","BENTLEY CARE CENTER","NAPLES","FL","56","0.0","0.0","0.0","406, 401, 407, 410"
"106137","THE PRESERVE","FORT MYERS","FL","74","0.0","0.0","0.0","401, 406, 407, 410"
"115496","LEGACY HEALTH AND REHABILITATION","GREENSBORO","GA","24","0.0","0.0","0.0","401, 406, 407, 410"
"115521","A.G. RHODES HOME  INC - COBB","MARIETTA","GA","118","0.0","0.0","0.0","407, 410, 406, 401"
"115528","AVALON HEALTH AND REHABILITATION","NEWNAN","GA","65","0.0","0.0","0.0","410, 407, 406, 401"
"115552","LODGE  THE","WARNER ROBINS","GA","81","0.0","12.1","0.0","410, 406, 401, 407"
"115587","BUCHANAN HEALTHCARE CENTER","BUCHANAN","GA","50","0.0","0.0","0.0","407, 406, 401, 410"
"115657","SOUTHERN PINES","WARNER ROBINS","GA","52","0.0","0.0","0.0","406, 401, 407, 410"
"115724","CHELSEY PARK HEALTH AND REHABILITATION","DAHLONEGA","GA","59","0.0","0.0","0.0","401, 407, 406, 410"
"125038","ALOHA NURSING & REHAB CENTRE","KANEOHE","HI","109","0.0","0.0","80.85","410, 407, 406, 401"
"125042","OAHU CARE FACILITY","HONOLULU","HI","75","26.85","0.0","53.92","401, 406, 410, 407"
"125048","ANN PEARL NURSING FACILITY","KANEOHE","HI","45","0.0","0.0","0.0","406, 410, 407, 401"
"125059","PALOLO CHINESE HOME","HONOLULU","HI","97","0.0","0.0","8.0","401, 407, 406, 410"
"125062","HALE KUPUNA HERITAGE HOME  LLC","KOLOA","HI","48","0.0","0.0","0.0","410, 401, 407, 406"
"145031","LOFT REHAB & NURSING OF NORMAL","NORMAL","IL","95","0.0","0.0","0.0","407, 406, 401, 410"
"145126","ALDEN LINCOLN REHAB & H C CTR","CHICAGO","IL","86","0.0","0.0","0.0","407, 406, 401, 410"
"145434","CLARIDGE HEALTHCARE CENTER","LAKE BLUFF","IL","91","0.0","0.0","1.0","401, 406, 410, 407"
"145453","ALDEN TERRACE OF MCHENRY REHAB","MCHENRY","IL","136","0.0","0.0","4.75","407, 406, 410, 401"
"145611","ST JAMES WELLNESS REHAB VILLAS","CRETE","IL","66","0.0","0.0","0.0","407, 406, 401, 410"
"145850","CITY VIEW MULTICARE CENTER","CICERO","IL","284","0.0","0.0","0.0","406, 401, 407, 410"
"145939","PAVILION OF SOUTH SHORE","CHICAGO","IL","113","0.0","0.0","7.5","407, 406, 410, 401"
"146062","CENTER HOME HISPANIC ELDERLY","CHICAGO","IL","113","0.0","0.0","0.0","407, 401, 406, 410"
"146122","ST PAUL'S SENIOR COMMUNITY","BELLEVILLE","IL","100","17.0","50.08","0.0","407, 410, 406, 401"
"146166","GREENFIELDS OF GENEVA","GENEVA","IL","42","0.0","0.0","0.0","406, 401, 407, 410"
"146189","LITTLE SISTERS OF THE POOR OF PALATINE","PALATINE","IL","32","0.0","0.0","7.0","407, 410, 406, 401"
"155120","BRICKYARD HEALTHCARE - BRANDYWINE CARE CENTER","GREENFIELD","IN","101","0.0","0.0","0.0","401, 410, 407, 406"
"155137","BRICKYARD HEALTHCARE - VALPARAISO CARE CENTER","VALPARAISO","IN","79","0.0","0.0","0.0","401, 406, 407, 410"
"155143","MAJESTIC CARE OF TERRE HAUTE","TERRE HAUTE","IN","79","0.0","0.0","0.0","406, 401, 410, 407"
"155167","WESTMINSTER VILLAGE NORTH","INDIANAPOLIS","IN","127","0.0","0.0","0.0","406, 410, 401, 407"
"155205","GREENCROFT HEALTHCARE","GOSHEN","IN","156","0.0","42.05","84.07","410, 401, 406, 407"
"155496","VALLEY VIEW HEALTHCARE CENTER","ELKHART","IN","87","0.0","0.0","0.0","410, 407, 401, 406"
"155660","PULASKI HEALTH CARE CENTER","WINAMAC","IN","55","0.0","0.0","0.0","401, 410, 407, 406"
"155668","CHARLESTOWN PLACE AT NEW ALBANY","NEW ALBANY","IN","124","0.0","0.0","2.0","406, 401, 410, 407"
"155689","MAJESTIC CARE OF GOSHEN","GOSHEN","IN","120","0.0","0.0","0.0","407, 410, 406, 401"
"155746","PARKVIEW HAVEN","FRANCESVILLE","IN","37","0.0","0.0","0.0","410, 406, 401, 407"
"155809","GREY STONE HEALTH & REHABILITATION CENTER","FORT WAYNE","IN","92","0.0","0.0","0.0","406, 401, 407, 410"
"155826","EVERGREEN CROSSING AND THE LOFTS","INDIANAPOLIS","IN","95","0.0","0.0","0.0","406, 401, 407, 410"
"155827","SAGE BLUFF HEALTH & REHAB CENTER","FORT WAYNE","IN","55","0.0","0.0","0.0","406, 401, 407, 410"
"165169","GOOD SAMARITAN SOCIETY - DAVENPORT","DAVENPORT","IA","98","0.0","0.0","0.0","407, 410, 401, 406"
"165179","NORWALK NURSING AND REHABILITATION CENTER","NORWALK","IA","44","0.0","0.0","0.0","410, 407, 406, 401"
"165210","GOOD SAMARITAN SOCIETY - SAINT ANSGAR","SAINT ANSGAR","IA","38","0.0","0.0","7.85","401, 406, 407, 410"
"165236","GOOD SAMARITAN SOCIETY - MANSON","MANSON","IA","34","0.0","0.0","0.0","407, 410, 406, 401"
"165240","GOOD SAMARITAN SOCIETY - WAUKON","WAUKON","IA","53","0.0","0.0","0.0","410, 407, 406, 401"
"165355","KEOTA HEALTH CARE CENTER","KEOTA","IA","27","0.0","0.0","0.0","406, 410, 401, 407"
"165383","GREENFIELD REHABILITATION & HEALTH CARE CENTER","GREENFIELD","IA","44","0.0","0.0","0.0","410, 407, 406, 401"
"165538","PRAIRIE RIDGE CARE CENTER","ORANGE CITY","IA","85","0.0","0.0","53.22","407, 410, 401, 406"
"165609","NEWTON VILLAGE HEALTH CARE CENTER","NEWTON","IA","22","5.5","0.0","0.0","406, 410, 401, 407"
"175077","LIFE CARE CENTER OF OSAWATOMIE","OSAWATOMIE","KS","34","0.0","11.56","0.0","406, 401, 410, 407"
"175122","DELMAR GARDENS OF LENEXA","LENEXA","KS","152","0.0","16.25","22.5","401, 406, 410, 407"
"175130","MEADOWBROOK REHABILITATION HOSPITAL","GARDNER","KS","107","0.0","0.0","0.0","401, 406, 407, 410"
"175175","GARDEN VALLEY RETIREMENT VILLAGE","GARDEN CITY","KS","59","0.0","0.0","0.0","410, 401, 407, 406"
"175202","COLBY OPERATOR  LLC","COLBY","KS","35","0.0","0.0","12.75","410, 401, 406, 407"
"175205","WILSON CARE AND REHAB","WILSON","KS","35","6.0","0.0","34.5","410, 401, 407, 406"
"175210","GOOD SAMARITAN SOCIETY - PARSONS","PARSONS","KS","43","0.0","0.0","0.0","401, 406, 407, 410"
"175223","CHASE COUNTY CARE AND REHAB","COTTONWOOD FALLS","KS","34","0.0","0.0","0.0","410, 407, 406, 401"
"175231","GOOD SAMARITAN SOCIETY - ELLSWORTH VILLAGE","ELLSWORTH","KS","36","0.0","12.08","7.5","407, 401, 406, 410"
"175263","GOOD SAMARITAN SOCIETY - OLATHE","OLATHE","KS","118","0.0","0.0","0.0","406, 407, 410, 401"
"175273","LINCOLN CARE AND REHAB","WICHITA","KS","44","0.0","0.0","0.0","410, 406, 407, 401"
"175299","STERLING VILLAGE","STERLING","KS","36","0.0","0.0","0.0","410, 407, 401, 406"
"175328","GOOD SAMARITAN SOCIETY - ELLIS","ELLIS","KS","36","0.0","0.0","0.0","406, 401, 407, 410"
"175347","CHEYENNE COUNTY VILLAGE INC","ST FRANCIS","KS","29","0.0","0.0","0.0","406, 407, 410, 401"
"175348","HILLTOP LODGE HEALTH AND REHABILITATION CENTER","BELOIT","KS","61","0.0","0.0","0.0","406, 407, 410, 401"
"175361","TOPSIDE MANOR INC","GOODLAND","KS","45","0.0","0.0","5.5","407, 410, 401, 406"
"175366","GOOD SAMARITAN SOCIETY - ATWOOD","ATWOOD","KS","32","0.0","0.0","0.0","406, 401, 407, 410"
"175387","PARKSIDE HOMES","HILLSBORO","KS","44","0.0","0.0","5.98","406, 401, 410, 407"
"175419","LINCOLN PARK MANOR INC","LINCOLN","KS","36","0.0","0.0","0.0","401, 410, 407, 406"
"175422","SUNSET HOME INC","CONCORDIA","KS","40","0.0","0.0","8.3","410, 407, 401, 406"
"175437","MCPHERSON OPERATOR  LLC","MCPHERSON","KS","44","0.0","0.0","0.0","406, 401, 410, 407"
"175451","WHEAT STATE MANOR","WHITEWATER","KS","43","0.0","0.0","0.0","406, 401, 407, 410"
"175456","VILLA MARIA","MULVANE","KS","58","0.0","0.0","0.0","406, 401, 407, 410"
"175467","KANSAS CHRISTIAN HOME","NEWTON","KS","45","0.0","0.0","2.0","401, 406, 407, 410"
"175475","ENTERPRISE ESTATES NURSING CENTER","ENTERPRISE","KS","34","0.0","0.0","0.0","410, 406, 407, 401"
"175488","WINFIELD REST HAVEN II  LLC","WINFIELD","KS","37","0.0","0.0","0.0","407, 410, 401, 406"
"175525","PARK LANE NURSING HOME","SCOTT CITY","KS","43","0.0","0.0","0.0","401, 407, 410, 406"
"175534","CARITAS CENTER  INC","WICHITA","KS","19","0.0","0.0","0.0","410, 407, 406, 401"
"175561","MOUNT ST MARY","WICHITA","KS","22","0.0","0.0","0.0","410, 406, 407, 401"
"175565","SUNPORCH OF SMITH COUNTY","SMITH CENTER","KS","22","0.0","0.0","0.0","410, 401, 407, 406"
"175567","LOGAN COUNTY SENIOR LIVING INC","OAKLEY","KS","28","0.0","0.0","0.0","410, 407, 406, 401"
"185057","SUNRISE MANOR NURSING HOME","HODGENVILLE","KY","126","0.0","4.5","65.59","407, 406, 401, 410"
"185090","BELMONT TERRACE NURSING AND REHABILITATION CENTER","FLORENCE","KY","137","0.0","31.25","38.25","407, 410, 401, 406"
"185220","NICHOLASVILLE NURSING AND REHABILITATION","NICHOLASVILLE","KY","61","0.0","50.29","23.14","401, 406, 407, 410"
"185241","MADONNA MANOR","VILLA HILLS","KY","59","0.0","0.0","0.0","401, 406, 410, 407"
"185242","WINDSOR CARE CENTER","MOUNT STERLING","KY","113","0.0","0.0","0.0","407, 401, 406, 410"
"185338","CHRISTIAN HEIGHTS NURSING AND REHABILITATION CENTE","PEMBROKE","KY","53","0.0","0.0","0.0","406, 401, 410, 407"
"185438","RICHWOOD NURSING & REHAB","LA GRANGE","KY","112","0.0","11.5","59.5","401, 406, 410, 407"
"185442","NAZARETH HOME CLIFTON","LOUISVILLE","KY","97","0.0","0.0","16.28","406, 410, 401, 407"
"195362","ZACHARY MANOR NURSING AND REHABILITATION CENTER","ZACHARY","LA","70","0.0","0.0","0.0","406, 401, 407, 410"
"195380","THE GUEST HOUSE SKILLED NURSING REHABILITATION","SHREVEPORT","LA","129","0.0","0.0","0.0","406, 401, 407, 410"
"195416","ROSEPINE RETIREMENT & REHAB CENTER  LLC","ROSEPINE","LA","85","0.0","0.0","0.0","407, 410, 401, 406"
"195431","HOLLY HILL HOUSE","SULPHUR","LA","83","0.0","15.51","0.0","407, 401, 406, 410"
"195442","VERMILION HEALTH CARE CENTER","KAPLAN","LA","98","0.0","0.0","0.0","407, 406, 410, 401"
"195445","COLONIAL NURSING AND REHABILITATION CENTER","MARKSVILLE","LA","57","0.0","19.25","0.0","401, 407, 406, 410"
"195446","LAKEVIEW MANOR NURSING AND REHABILITATION CENTER","NEW ROADS","LA","96","0.0","0.0","0.0","401, 406, 407, 410"
"195493","KINDER RETIREMENT AND REHABILITATION CENTER","KINDER","LA","85","0.0","0.0","0.0","407, 401, 406, 410"
"195499","ST FRANCES NSG & REHAB CENTER","OBERLIN","LA","67","0.0","9.0","84.94","406, 401, 407, 410"
"195506","TOLEDO RETIREMENT AND REHABILITATION CENTER","ZWOLLE","LA","33","0.0","0.0","0.0","410, 401, 406, 407"
"195525","WESTWOOD MANOR NURSING HOME  INC","DERIDDER","LA","102","0.0","0.0","0.0","406, 407, 401, 410"
"195527","THE CARE CENTER OF DEQUINCY","DEQUINCY","LA","66","0.0","0.0","0.0","401, 406, 410, 407"
"195535","DERIDDER RETIREMENT & REHABILITATION CENTER","DERIDDER","LA","67","0.0","0.0","0.0","406, 410, 401, 407"
"195539","MANSFIELD NURSING CENTER","MANSFIELD","LA","66","0.0","0.0","0.0","401, 406, 407, 410"
"195555","SABINE RETIREMENT AND REHAB CENTER","MANY","LA","83","0.0","0.0","0.0","406, 401, 407, 410"
"195556","DESOTO RETIREMENT & REHAB CTR  L L C","MANSFIELD","LA","64","0.0","0.0","0.0","401, 406, 407, 410"
"195559","HESSMER NURSING AND REHABILITATION CENTER","HESSMER","LA","86","0.0","0.0","0.0","401, 410, 406, 407"
"195592","CAMELOT OF BROUSSARD","BROUSSARD","LA","127","0.0","0.0","27.15","406, 410, 401, 407"
"195615","BOOKER T.WASHINGTON SKILLED NURSING AND REHABILITA","SHREVEPORT","LA","72","0.0","0.0","0.0","406, 401, 407, 410"
"205031","ORONO COMMONS","ORONO","ME","79","0.0","0.0","0.0","401, 410, 406, 407"
"205079","BRENTWOOD CENTER FOR HEALTH & REHABILITATION  LLC","YARMOUTH","ME","67","0.0","0.0","22.0","407, 410, 401, 406"
"205122","HARBOR HILL CENTER","BELFAST","ME","40","0.0","0.0","0.0","410, 406, 401, 407"
"205180","WINDWARD GARDENS","CAMDEN","ME","70","0.0","0.0","6.75","406, 407, 410, 401"
"215106","SAGEPOINT NURSING AND REHABILITATION CENTER","LA PLATA","MD","126","0.0","15.77","63.27","407, 410, 401, 406"
"215107","STERLING CARE ROCKVILLE NURSING","ROCKVILLE","MD","87","0.0","0.0","0.0","407, 401, 410, 406"
"215184","FREDERICK HEALTH & REHABILITATION CENTER","FREDERICK","MD","103","0.0","0.0","0.0","410, 401, 406, 407"
"215269","ELKTON NURSING AND REHABILITATION CENTER","ELKTON","MD","181","0.0","108.75","113.25","401, 406, 407, 410"
"225040","JULIAN J LEVITT FAMILY NURSING HOME","LONGMEADOW","MA","171","0.0","0.0","0.0","410, 407, 406, 401"
"225067","WEDGEMERE HEALTHCARE","TAUNTON","MA","70","0.0","0.0","15.1","410, 401, 407, 406"
"225259","ALLIANCE HEALTH AT WEST ACRES","BROCKTON","MA","121","0.0","7.92","0.0","406, 401, 407, 410"
"225266","ELIZABETH SETON","WELLESLEY","MA","84","0.0","0.0","0.0","407, 410, 401, 406"
"225329","MELROSE HEALTHCARE","MELROSE","MA","78","38.5","0.0","0.0","407, 401, 406, 410"
"225342","NORTH ADAMS COMMONS NURSING & REHABILITATION CENTE","NORTH ADAMS","MA","94","0.0","0.0","0.0","410, 401, 406, 407"
"225343","NORWOOD HEALTHCARE","NORWOOD","MA","107","7.0","16.4","0.0","401, 410, 407, 406"
"225357","WINCHESTER REHABILITATION AND NURSING CENTER","WINCHESTER","MA","106","0.0","0.0","0.0","401, 406, 410, 407"
"225445","BRAINTREE MANOR HEALTHCARE","BRAINTREE","MA","135","3.0","0.0","0.0","407, 410, 401, 406"
"225456","OCEANSIDE REHABILITATION AND NURSING CENTER","ROCKPORT","MA","54","0.0","22.75","33.0","401, 406, 407, 410"
"225478","ROYAL MEADOW VIEW CENTER","NORTH READING","MA","93","0.0","37.71","50.77","407, 401, 410, 406"
"225531","SUDBURY PINES EXTENDED CARE","SUDBURY","MA","87","0.0","0.0","0.0","407, 410, 406, 401"
"225536","WALPOLE HEALTHCARE","WALPOLE","MA","74","0.0","0.0","0.0","407, 410, 406, 401"
"225540","GERMAN CENTER FOR EXTENDED CARE","BOSTON","MA","133","0.0","0.0","0.0","407, 410, 406, 401"
"225567","SEACOAST NURSING AND REHABILITATION CENTER","GLOUCESTER","MA","116","0.0","0.0","0.0","410, 407, 406, 401"
"225591","ROYAL WAYLAND REHABILITATION AND NURSING CENTER","WAYLAND","MA","37","0.0","0.0","0.0","401, 406, 407, 410"
"225659","ELMHURST HEALTHCARE (THE)","MELROSE","MA","40","0.0","0.0","0.0","406, 401, 410, 407"
"225683","STONE REHABILITATION AND SENIOR LIVING","NEWTON UPPER FALLS","MA","77","0.0","0.0","0.0","407, 406, 401, 410"
"225739","DWYER HOME","WEYMOUTH","MA","45","7.5","0.0","0.0","406, 410, 401, 407"
"225772","OUR ISLAND HOME","NANTUCKET","MA","39","0.0","0.0","0.0","410, 407, 406, 401"
"235050","HAROLD AND GRACE UPJOHN COMMUNITY CARE CENTER","KALAMAZOO","MI","87","0.0","0.0","0.0","407, 406, 410, 401"
"235132","MAJESTIC CARE OF FLUSHING","FLUSHING","MI","82","0.0","0.0","0.0","406, 401, 407, 410"
"235290","MISSION POINT NSG & PHY REHAB CTR OF GREENVILLE","GREENVILLE","MI","86","0.0","0.0","0.0","401, 407, 406, 410"
"235311","ALAMO NURSING HOME INC","KALAMAZOO","MI","90","0.0","8.4","0.0","407, 410, 401, 406"
"235349","MISSION POINT NSG & PHY REHAB CTR OF ISHPEMING","ISHPEMING","MI","44","0.0","0.0","0.0","407, 401, 406, 410"
"235458","SAMARITAS SENIOR LIVING GRAND RAPIDS LODGE","GRAND RAPIDS","MI","95","0.0","0.0","17.0","401, 406, 407, 410"
"235462","BEAUMONT REHAB & CONTINUING CARE FARMINGTON HILLS","FARMINGTON HILLS","MI","94","7.0","0.0","33.0","407, 410, 401, 406"
"235483","LAURELS OF GALESBURG (THE)","GALESBURG","MI","83","0.0","0.0","0.0","410, 406, 407, 401"
"235504","SPRINGCREEK REHABILITATION AND NURSING CENTER","ADRIAN","MI","80","0.0","0.0","0.0","406, 410, 401, 407"
"235513","LAURELS OF FULTON THE","PERRINTON","MI","42","0.0","0.0","0.0","406, 401, 407, 410"
"235569","OVID HEALTHCARE CENTER","OVID","MI","66","0.0","0.0","0.0","410, 407, 406, 401"
"235574","COUNTRYSIDE CARE CENTER","JACKSON","MI","59","0.0","0.0","0.0","401, 406, 410, 407"
"245153","MADONNA TOWERS OF ROCHESTER INC","ROCHESTER","MN","60","0.0","0.0","22.5","406, 410, 407, 401"
"245184","ROCHESTER EAST HEALTH SERVICES","ROCHESTER","MN","53","0.0","0.0","0.0","410, 401, 407, 406"
"245201","THE ESTATES AT FRIDLEY LLC","FRIDLEY","MN","48","0.0","0.0","0.0","401, 406, 407, 410"
"245222","THE ESTATES AT CHATEAU LLC","MINNEAPOLIS","MN","67","0.0","0.0","0.0","406, 407, 410, 401"
"245223","BAY VIEW NURSING & REHABILITATION CENTER","RED WING","MN","57","6.75","0.0","0.0","401, 406, 407, 410"
"245232","CUYUNA REGIONAL MEDICAL CENTER","CROSBY","MN","46","0.0","0.0","0.0","406, 401, 410, 407"
"245234","GOOD SAMARITAN SOCIETY - WACONIA AND WESTVIEW ACRE","WACONIA","MN","73","0.0","0.0","0.0","406, 401, 410, 407"
"245255","CERENITY CARE CENTER ON HUMBOLDT","SAINT PAUL","MN","79","42.0","0.0","17.25","406, 407, 410, 401"
"245262","WEST WIND VILLAGE","MORRIS","MN","50","0.0","0.0","0.0","401, 410, 406, 407"
"245273","FRANKLIN RESTORATIVE CARE CENTER","FRANKLIN","MN","33","0.0","0.0","6.53","401, 406, 407, 410"
"245326","THE VILLAS AT ROSEVILLE","ROSEVILLE","MN","58","14.5","0.0","37.6","406, 407, 410, 401"
"245329","WARROAD CARE CENTER","WARROAD","MN","45","0.0","0.0","0.0","401, 410, 406, 407"
"245339","MOTHER OF MERCY SENIOR LIVING","ALBANY","MN","55","0.0","0.0","0.0","410, 406, 407, 401"
"245342","THE ESTATES AT GREELEY LLC","STILLWATER","MN","49","0.0","0.0","7.54","407, 410, 401, 406"
"245375","STERLING PARK HEALTH CARE CENTER","WAITE PARK","MN","37","0.0","0.0","8.0","410, 407, 406, 401"
"245389","LANGTON SHORES","ROSEVILLE","MN","46","0.0","0.0","0.0","406, 401, 410, 407"
"245402","GLENWOOD VILLAGE CARE CENTER","GLENWOOD","MN","64","0.0","0.0","46.15","407, 401, 406, 410"
"245431","FIELD CREST CARE CENTER","HAYFIELD","MN","33","8.0","0.0","7.75","406, 401, 407, 410"
"245473","BAYSIDE MANOR LLC","GAYLORD","MN","32","0.0","0.0","8.0","406, 410, 407, 401"
"245554","RENVILLA HEALTH CENTER","RENVILLE","MN","42","0.0","0.0","0.0","407, 410, 401, 406"
"245560","EDGEBROOK CARE CENTER","EDGERTON","MN","48","0.0","0.0","8.0","401, 406, 410, 407"
"245574","SHOLOM HOME WEST","SAINT LOUIS PARK","MN","124","0.0","0.0","0.0","407, 410, 406, 401"
"245579","ESSENTIA HEALTH GRACE HOME","GRACEVILLE","MN","22","0.0","0.0","0.0","401, 407, 406, 410"
"245595","GOOD SAMARITAN SOCIETY - WESTBROOK","WESTBROOK","MN","30","0.0","0.0","0.0","410, 407, 406, 401"
"245600","GOOD SAMARITAN SOCIETY - BLACKDUCK","BLACKDUCK","MN","28","0.0","0.0","0.0","406, 401, 407, 410"
"245632","ST THERESE OF WOODBURY LLC","WOODBURY","MN","59","0.0","0.0","0.0","406, 401, 407, 410"
"255109","DIVERSICARE OF SOUTHAVEN","SOUTHAVEN","MS","137","0.0","0.0","0.0","406, 401, 410, 407"
"255219","ARBOR WALK HEALTHCARE CENTER","GREENVILLE","MS","53","0.0","0.0","0.0","406, 407, 401, 410"
"255275","MAGNOLIA SENIOR CARE  LLC","JACKSON","MS","45","0.0","0.0","12.0","407, 410, 401, 406"
"255285","COMMUNITY PLACE","BRANDON","MS","60","0.0","0.0","0.0","407, 410, 401, 406"
"255289","RIVER CHASE VILLAGE","GAUTIER","MS","58","0.0","0.0","0.0","406, 410, 401, 407"
"255310","SILVER CROSS HEALTH & REHAB","BROOKHAVEN","MS","51","0.0","0.0","0.0","410, 407, 406, 401"
"265112","FLORISSANT VALLEY HEALTH & REHABILITATION CENTER","FLORISSANT","MO","86","0.0","0.0","0.0","410, 407, 406, 401"
"265136","FRIENDSHIP VILLAGE SUNSET HILLS","SAINT LOUIS","MO","126","0.0","8.8","12.1","401, 406, 407, 410"
"265195","ST ANDREW'S AT FRANCIS PLACE","EUREKA","MO","105","0.0","0.0","0.0","410, 407, 406, 401"
"265249","MARIES MANOR","VIENNA","MO","60","0.0","0.0","0.0","406, 401, 410, 407"
"265294","LIFE CARE CENTER OF CARROLLTON","CARROLLTON","MO","66","0.0","0.0","0.0","401, 406, 407, 410"
"265338","WESTCHESTER HOUSE  THE","CHESTERFIELD","MO","93","0.0","0.0","0.0","410, 406, 401, 407"
"265340","LIFE CARE CENTER OF SULLIVAN","SULLIVAN","MO","81","0.0","11.66","0.0","410, 407, 401, 406"
"265351","LANSDOWNE VILLAGE","SAINT LOUIS","MO","117","8.0","0.0","0.0","406, 410, 407, 401"
"265434","RIVERVIEW NURSING CENTER","MOKANE","MO","36","0.0","0.0","0.0","410, 401, 407, 406"
"265437","AVALON VIEW HEALTH AND WELLNESS","LIBERTY","MO","84","0.0","0.0","0.0","407, 406, 410, 401"
"265472","BRENT B TINNIN MANOR","ELLINGTON","MO","55","0.0","0.0","0.0","410, 401, 406, 407"
"265518","WINDSOR ESTATES OF ST CHARLES","SAINT CHARLES","MO","58","0.0","0.0","0.0","407, 410, 406, 401"
"265520","WEBCO MANOR","MARSHFIELD","MO","51","0.0","0.0","0.0","401, 406, 407, 410"
"265555","ELDON NURSING & REHAB","ELDON","MO","68","0.0","0.0","0.0","406, 407, 401, 410"
"265578","NORMANDY NURSING CENTER","SAINT LOUIS","MO","96","0.0","0.0","0.0","406, 410, 407, 401"
"265646","LA BELLE MANOR CARE CENTER","LA BELLE","MO","50","0.0","0.0","11.5","406, 401, 407, 410"
"265656","STRAFFORD CARE CENTER","STRAFFORD","MO","69","0.0","0.0","0.0","407, 410, 406, 401"
"265668","CARRIE ELLIGSON GIETNER HOME","SAINT LOUIS","MO","81","0.0","0.0","0.0","410, 401, 407, 406"
"265683","WINDSOR HEALTHCARE & REHAB CENTER","WINDSOR","MO","37","0.0","0.0","0.0","401, 406, 407, 410"
"265693","REHABILITATION CENTER OF INDEPENDENCE  THE","INDEPENDENCE","MO","97","0.0","0.0","0.0","401, 406, 407, 410"
"265701","ST JOE MANOR","BONNE TERRE","MO","141","0.0","0.0","0.0","406, 410, 407, 401"
"265716","MONTICELLO HOUSE","JACKSON","MO","42","0.0","0.0","0.0","401, 406, 410, 407"
"265738","ASHLEY MANOR HEALTH & REHABILITATION","BOONVILLE","MO","47","0.0","0.0","0.0","407, 406, 410, 401"
"265765","LUTHERAN NURSING HOME","CONCORDIA","MO","58","0.0","0.0","5.5","407, 410, 406, 401"
"265807","CRESTVIEW HOME","BETHANY","MO","48","0.0","0.0","35.25","406, 401, 410, 407"
"265863","TIFFANY SPRINGS REHABILITATION & HEALTH CARE CENTE","KANSAS CITY","MO","120","0.0","0.0","14.33","406, 401, 410, 407"
"275026","IVY AT GREAT FALLS","GREAT FALLS","MT","121","0.0","30.75","18.75","406, 401, 410, 407"
"275047","LIVINGSTON HEALTH & REHABILITATION CENTER","LIVINGSTON","MT","42","0.0","0.0","5.5","406, 401, 407, 410"
"275064","CENTRAL MONTANA NURSING & REHABILITATION CENTER","LEWISTOWN","MT","25","0.0","0.0","0.0","406, 401, 407, 410"
"275073","FAITH LUTHERAN HOME","WOLF POINT","MT","48","0.0","0.0","12.0","401, 406, 407, 410"
"275124","PIONEER CARE AND REHABILITATION","DILLON","MT","51","0.0","0.0","0.0","410, 401, 407, 406"
"285072","GOOD SAMARITAN SOCIETY - HASTINGS VILLAGE","HASTINGS","NE","40","0.0","0.0","0.0","410, 407, 406, 401"
"285112","GOOD SAMARITAN SOCIETY - AUBURN","AUBURN","NE","60","0.0","0.0","0.0","401, 407, 406, 410"
"285117","ARBOR CARE CENTERS-VALHAVEN  LLC","VALLEY","NE","47","0.0","0.0","0.0","401, 406, 407, 410"
"285138","GOOD SAMARITAN SOCIETY - SYRACUSE","SYRACUSE","NE","48","0.0","0.0","0.0","410, 407, 406, 401"
"285150","CREST VIEW CARE CENTER","CHADRON","NE","34","0.0","0.0","0.0","401, 410, 406, 407"
"285157","PREMIER ESTATES OF PAWNEE  LLC","PAWNEE CITY","NE","26","0.0","0.0","0.0","410, 401, 407, 406"
"285185","GOOD SAMARITAN SOCIETY - COLONIAL VILLA","ALMA","NE","30","0.0","0.0","12.28","407, 401, 410, 406"
"285187","GOOD SAMARITAN SOCIETY - SUPERIOR","SUPERIOR","NE","41","0.0","0.0","0.0","406, 401, 407, 410"
"285197","GOOD SAMARITAN SOCIETY - ALBION","ALBION","NE","47","0.0","20.05","7.61","410, 406, 407, 401"
"285221","THE CEDARS AT BROADWELL","GRAND ISLAND","NE","40","0.0","0.0","8.4","401, 410, 406, 407"
"285225","HERITAGE OF WEBSTER COUNTY","RED CLOUD","NE","29","0.0","0.0","0.0","406, 401, 407, 410"
"285267","LOUISVILLE CARE CENTER","LOUISVILLE","NE","40","8.0","0.0","8.0","410, 406, 401, 407"
"285285","GOOD SAMARITAN SOCIETY - GRAND ISLAND VILLAGE","GRAND ISLAND","NE","45","0.0","0.0","36.59","401, 407, 406, 410"
"285292","LITZENBERG MEMORIAL COUNTY HOSPITAL","CENTRAL CITY","NE","34","0.0","0.0","0.0","407, 410, 406, 401"
"285294","ARBOR CARE CENTERS-ORD  LLC","ORD","NE","32","0.0","0.0","0.0","407, 410, 406, 401"
"285302","HILLCREST MILLARD","OMAHA","NE","58","0.0","26.25","7.75","410, 406, 401, 407"
"295048","HARMON HOSPITAL - SNF","LAS VEGAS","NV","9","24.5","0.0","23.84","406, 407, 410, 401"
"295081","NEVADA STATE VETERANS HOME - BOULDER CITY","BOULDER CITY","NV","168","0.0","0.0","0.0","407, 410, 406, 401"
"295110","GREEN VALLEY HEALTH AND WELLNESS SUITES","HENDERSON","NV","40","0.0","0.0","0.0","410, 407, 401, 406"
"305084","MINERAL SPRINGS","NORTH CONWAY","NH","57","0.0","10.0","0.0","401, 406, 407, 410"
"315057","MERRY HEART NURSING HOME","SUCCASUNNA","NJ","105","0.0","0.0","0.0","407, 410, 406, 401"
"315068","DWELLSIDE CARE AND REHAB","CHERRY HILL","NJ","124","0.0","46.75","129.25","407, 410, 406, 401"
"315069","TOWER LODGE CARE CENTER","WALL","NJ","54","0.0","0.0","7.5","407, 410, 406, 401"
"315083","ACCLAIM REHABILITATION AND NURSING CENTER","JERSEY CITY","NJ","168","0.0","38.0","49.0","410, 406, 407, 401"
"315115","ATLANTIC COAST REHAB & HEALTH","LAKEWOOD","NJ","138","0.0","0.0","21.86","407, 401, 406, 410"
"315124","BELLE CARE NURSING AND REHABILITATION CENTER","TRENTON","NJ","86","0.0","0.0","0.0","407, 401, 410, 406"
"315134","COMPLETE CARE AT GREEN KNOLL","BRIDGEWATER","NJ","164","0.0","16.25","153.64","407, 410, 406, 401"
"315138","TROY HILLS CENTER","PARSIPPANY","NJ","103","0.0","0.0","0.0","410, 401, 407, 406"
"315158","RIDGEWOOD CENTER","RIDGEWOOD","NJ","69","0.0","0.0","0.0","401, 407, 410, 406"
"315187","ECHELON CARE & REHAB","VOORHEES","NJ","241","0.0","6.88","79.86","410, 406, 407, 401"
"315190","LEISURE CHATEAU REHABILITATION","LAKEWOOD","NJ","171","0.0","0.0","154.18","406, 401, 407, 410"
"315200","ARISTACARE AT PARKSIDE","LINDEN","NJ","190","0.0","0.0","7.29","407, 410, 401, 406"
"315209","HAMMONTON CENTER FOR REHABILITATION AND HEALTHCARE","HAMMONTON","NJ","157","0.0","135.25","185.75","407, 410, 406, 401"
"315214","ARISTACARE AT CEDAR OAKS","SOUTH PLAINFIELD","NJ","191","0.0","15.02","36.74","401, 410, 406, 407"
"315276","COMPLETE CARE AT MILFORD MANOR LLC","WEST MILFORD","NJ","107","0.0","0.0","23.5","406, 401, 407, 410"
"315302","ROLLING HILLS CARE CENTER","LEBANON","NJ","66","0.0","0.0","0.0","406, 407, 410, 401"
"315303","MORRIS VIEW HEALTHCARE CENTER","MORRISTOWN","NJ","279","0.0","41.51","194.95","410, 406, 401, 407"
"315309","ARISTACARE AT WHITING","WHITING","NJ","134","0.0","0.0","57.8","401, 407, 406, 410"
"315318","ST JOSEPH'S HOME AL & NC  INC","WOODBRIDGE","NJ","51","0.0","0.0","0.0","407, 410, 406, 401"
"315353","CRANBURY CENTER","MONROE TOWNSHIP","NJ","134","0.0","1.0","0.0","407, 406, 410, 401"
"315378","HOMESTEAD REHABILITATION & HEALTH CARE CENTER","NEWTON","NJ","63","0.0","0.0","0.0","401, 406, 407, 410"
"315396","PREFERRED CARE AT CUMBERLAND","BRIDGETON","NJ","134","0.0","7.87","69.25","407, 406, 410, 401"
"315438","ATRIUM POST ACUTE CARE OF PARK RIDGE","PARK RIDGE","NJ","149","7.77","0.0","0.0","407, 410, 406, 401"
"315459","NEW JERSEY VETERANS MEMORIAL HOME MENLO","EDISON","NJ","162","0.0","0.0","0.0","406, 401, 407, 410"
"315503","ROYAL SUITES HEALTH CARE & REHABILITATION","GALLOWAY TOWNSHIP","NJ","169","0.0","0.0","60.0","410, 407, 406, 401"
"315522","SKILES AVE & STERLING DR URBAN RENEWAL OPRATIONS L","PISCATAWAY","NJ","68","0.0","0.0","60.53","410, 407, 401, 406"
"325054","CANYON TRANSITIONAL REHABILITATION CENTER  LLC","ALBUQUERQUE","NM","74","0.0","0.0","0.0","401, 406, 407, 410"
"325073","GOOD SAMARITAN SOCIETY - SOCORRO","SOCORRO","NM","37","0.0","0.0","11.3","406, 410, 401, 407"
"325130","THE NEIGHBORHOOD IN RIO RANCHO","RIO RANCHO","NM","46","0.0","0.0","0.0","407, 410, 406, 401"
"335005","BRIARCLIFF MANOR CENTER FOR REHAB AND NURSING CARE","BRIARCLIFF MANOR","NY","122","0.0","0.0","52.96","410, 406, 401, 407"
"335011","ST PATRICKS HOME","BRONX","NY","256","0.0","173.0","285.5","407, 406, 410, 401"
"335030","MOSHOLU PARKWAY NURSING & REHABILITATION CENTER","BRONX","NY","122","0.0","27.05","40.25","406, 410, 407, 401"
"335048","WILLIAMSBRIDGE CENTER FOR REHABILITATION AND NRSG","BRONX","NY","77","0.0","0.0","0.0","410, 407, 406, 401"
"335061","UNIVERSITY CENTER FOR REHABILITATION AND NURSING","BRONX","NY","48","0.0","0.0","0.0","410, 407, 406, 401"
"335178","BROOKLYN CTR FOR REHAB AND RESIDENTIAL HEALTH CARE","BROOKLYN","NY","280","0.0","41.75","91.25","410, 407, 406, 401"
"335201","BETH ABRAHAM CENTER FOR REHABILITATION AND NURSING","BRONX","NY","444","0.0","175.5","35.5","406, 410, 401, 407"
"335232","UPPER EAST SIDE REHABILITATION AND NURSING CENTER","NEW YORK","NY","433","161.9","0.0","82.82","410, 401, 406, 407"
"335288","SHORE VIEW NURSING  & REHABILITATION CENTER","BROOKLYN","NY","304","11.3","0.0","7.2","407, 410, 401, 406"
"335292","PROMENADE REHABILITATION AND HEALTH CARE CENTER","ROCKAWAY PARK","NY","227","0.0","36.5","63.25","406, 401, 407, 410"
"335336","MARGARET TIETZ CENTER FOR NURSING CARE INC","JAMAICA","NY","197","50.76","0.0","7.05","406, 401, 407, 410"
"335379","REGO PARK NURSING HOME","FLUSHING","NY","194","44.25","0.0","69.75","407, 401, 406, 410"
"335418","NORTHERN RIVERVIEW HEALTH CARE  INC","HAVERSTRAW","NY","181","0.0","0.0","0.0","407, 410, 401, 406"
"335432","LONG BEACH NURSING AND REHABILITATION CENTER","LONG BEACH","NY","140","62.17","0.0","42.66","406, 401, 410, 407"
"335437","ELLICOTT CENTER FOR REHABILITATION AND NURSING","BUFFALO","NY","159","0.0","57.25","0.0","410, 407, 401, 406"
"335470","BORO PARK CENTER FOR REHABILITATION AND HEALTHCARE","BROOKLYN","NY","495","0.0","39.25","0.0","410, 406, 401, 407"
"335484","MORNINGSIDE NURSING AND REHABILITATION CENTER","BRONX","NY","313","72.62","0.0","72.55","410, 406, 401, 407"
"335503","HOLLISWOOD CTR FOR REHABILITATION AND HEALTHCARE","HOLLIS","NY","310","0.0","0.0","0.0","410, 407, 401, 406"
"335506","BRONX CENTER FOR REHABILITATION & HEALTH CARE","BRONX","NY","203","0.0","0.0","27.0","410, 406, 401, 407"
"335638","BUFFALO CENTER FOR REHABILITATION AND NURSING","BUFFALO","NY","202","0.0","6.5","0.0","401, 410, 406, 407"
"335659","FORDHAM NURSING AND REHABILITATION CENTER","BRONX","NY","236","34.04","0.0","131.68","401, 406, 407, 410"
"335668","KIRKHAVEN","ROCHESTER","NY","136","0.0","0.0","0.0","410, 406, 401, 407"
"335703","BUSHWICK CENTER FOR REHABILITATION AND HEALTH CARE","BROOKLYN","NY","225","0.0","13.0","53.5","410, 407, 401, 406"
"335725","HOPE CENTER FOR H I V AND NURSING CARE","BRONX","NY","66","0.0","0.0","0.0","407, 401, 410, 406"
"335748","SAINTS JOACHIM & ANNE NURSING AND REHAB CENTER","BROOKLYN","NY","176","0.0","0.0","0.0","401, 406, 410, 407"
"335772","RICHMOND CTR FOR REHAB AND SPECIALTY HEALTHCARE","STATEN ISLAND","NY","374","0.0","108.5","42.75","406, 401, 410, 407"
"335797","THE OSBORN","RYE","NY","83","0.0","6.5","0.0","410, 406, 407, 401"
"335806","SPRINGVALE NURSING & REHABILITATION CENTER","CROTON ON HUDSON","NY","152","0.0","8.3","43.3","406, 410, 407, 401"
"335845","NORTHEAST CTR FOR REHABILITATION AND BRAIN INJURY","LAKE KATRINE","NY","265","0.0","26.77","0.0","401, 407, 410, 406"
"345077","SUNNYBROOK REHABILITATION CENTER","RALEIGH","NC","85","0.0","0.0","0.0","410, 407, 401, 406"
"345081","ACCORDIUS HEALTH AT ROSE MANOR LLC","DURHAM","NC","86","0.0","0.0","43.6","401, 406, 410, 407"
"345103","MATTHEWS HEALTH & REHAB CENTER","MATTHEWS","NC","138","0.0","0.0","0.0","410, 406, 401, 407"
"345319","ELDERBERRY HEALTH CARE","MARSHALL","NC","76","0.0","21.75","39.0","406, 401, 407, 410"
"345351","AUTUMN CARE OF SALUDA","SALUDA","NC","95","0.0","0.0","0.0","407, 401, 410, 406"
"345354","PINEY GROVE NURSING AND REHABILITATION CENTER","KERNERSVILLE","NC","85","0.0","25.75","0.0","410, 401, 407, 406"
"345381","VILLAGE CARE OF KING","KING","NC","95","0.0","0.0","14.45","410, 407, 401, 406"
"345406","ACCORDIUS HEALTH AND REHABILITATION","GATESVILLE","NC","44","0.0","4.75","0.0","410, 407, 406, 401"
"345438","THE LAURELS OF SUMMIT RIDGE","ASHEVILLE","NC","56","3.5","0.0","0.0","406, 401, 407, 410"
"345490","AYDEN COURT NURSING AND REHABILITATION CENTER","AYDEN","NC","81","0.0","0.0","0.0","406, 401, 410, 407"
"345519","LIBERTY COMMONS NSG & REHAB CTR OF JOHNSTON CTY","BENSON","NC","100","0.0","40.7","47.4","407, 410, 406, 401"
"345532","LIBERTY COMMONS NSG AND REHAB CTR OF LEE COUNTY","SANFORD","NC","58","0.0","16.1","50.2","406, 401, 410, 407"
"345548","ASHTON HEALTH AND REHABILITATION","MCLEANSVILLE","NC","102","0.0","0.0","0.0","410, 407, 406, 401"
"345564","SHARON TOWERS","CHARLOTTE","NC","20","0.0","0.0","0.0","407, 410, 401, 406"
"345569","SPRINGBROOK NURSING & REHABILITATION  CENTER","CLAYTON","NC","87","0.0","57.5","45.75","406, 407, 410, 401"
"355061","SANFORD HILLSBORO CARE CENTER","HILLSBORO","ND","34","0.0","0.0","0.0","407, 410, 401, 406"
"355065","SUNSET DRIVE - A PROSPERA COMMUNITY","MANDAN","ND","130","0.0","0.0","0.0","410, 407, 406, 401"
"355076","NORTHWOOD DEACONESS HEALTH CNT","NORTHWOOD","ND","22","0.0","0.0","0.0","410, 406, 401, 407"
"355104","GOOD SAMARITAN SOCIETY - LAKOTA","LAKOTA","ND","34","0.0","0.0","12.0","401, 407, 410, 406"
"355106","GOOD SAMARITAN SOCIETY MILLER POINTE A PROSPERA CO","MANDAN","ND","120","0.0","0.0","0.0","406, 401, 410, 407"
"355109","SOURIS VALLEY CARE CENTER","VELVA","ND","44","0.0","0.0","0.0","407, 410, 406, 401"
"365129","EASTBROOK HEALTHCARE CENTER","CLEVELAND","OH","93","0.0","0.0","0.0","406, 401, 407, 410"
"365178","KENWOOD TERRACE HEALTHCARE CENTER","CINCINNATI","OH","100","0.0","0.0","0.0","406, 401, 407, 410"
"365218","BLUE ASH CARE CENTER","CINCINNATI","OH","50","0.0","0.0","0.0","406, 407, 410, 401"
"365241","LONDON HEALTH & REHAB CENTER","LONDON","OH","72","0.0","0.0","0.0","407, 410, 406, 401"
"365256","LAURELS OF WORTHINGTON  THE","WORTHINGTON","OH","93","0.0","0.0","0.0","410, 407, 401, 406"
"365292","HANOVER HEALTHCARE CENTER","MASSILLON","OH","113","0.0","0.0","0.0","407, 406, 410, 401"
"365370","BLUE STREAM REHAB AND NURSING","RICHFIELD","OH","45","0.0","0.0","0.0","410, 401, 406, 407"
"365412","COMMUNITY SKILLED HEALTH CARE","WARREN","OH","95","0.0","0.0","8.25","407, 401, 410, 406"
"365423","MOUNT WASHINGTON CARE CENTER","CINCINNATI","OH","71","0.0","0.0","0.0","410, 406, 407, 401"
"365492","GRAND RIVER HEALTH & REHAB CENTER","PAINESVILLE","OH","78","0.0","0.0","0.0","406, 410, 401, 407"
"365567","SLOVENE HOME FOR THE AGED","CLEVELAND","OH","77","0.0","0.0","0.0","401, 410, 407, 406"
"365617","AYDEN HEALTHCARE OF WATERVILLE","WATERVILLE","OH","73","0.0","11.68","18.45","406, 401, 410, 407"
"365626","BELLBROOK HEALTH AND REHAB","BELLBROOK","OH","39","0.0","0.0","0.0","410, 407, 406, 401"
"365654","AUSTINWOODS REHAB HEALTH CARE","AUSTINTOWN","OH","94","0.0","0.0","8.0","410, 406, 407, 401"
"365731","EAST PARK CARE CENTER","BROOK PARK","OH","61","0.0","0.0","0.0","407, 410, 401, 406"
"365738","AYDEN HEALTHCARE OF FAIRFIELD","FAIRFIELD","OH","61","0.0","0.0","0.0","406, 401, 407, 410"
"365742","NATIONAL CHURCH RESIDENCES BRISTOL VILLAGE","WAVERLY","OH","39","0.0","0.0","5.0","407, 406, 401, 410"
"365814","CORTLAND CENTER","CORTLAND","OH","55","0.0","0.0","0.0","407, 410, 406, 401"
"365832","UNIVERSITY MANOR HEALTH & REHA","CLEVELAND","OH","147","0.0","0.0","15.98","407, 410, 401, 406"
"365952","RIDGEWOOD MANOR","MAUMEE","OH","67","0.0","12.25","25.75","407, 410, 401, 406"
"365977","CIRCLE OF CARE","SALEM","OH","33","0.0","0.0","0.0","407, 401, 410, 406"
"366102","ST FRANCIS SENIOR MINISTRIES","TIFFIN","OH","53","0.0","0.0","0.0","406, 401, 407, 410"
"366113","LIBERTY HEALTH CARE CENTER INC","YOUNGSTOWN","OH","105","0.0","0.0","0.0","401, 406, 407, 410"
"366131","BELLEVUE CARE CENTER","BELLEVUE","OH","55","0.0","8.0","22.25","401, 406, 407, 410"
"366217","AUTUMN COURT","OTTAWA","OH","48","0.0","0.0","0.0","410, 407, 406, 401"
"366298","ALTERCARE OF NOBLES POND  INC","CANTON","OH","66","6.0","0.0","0.0","407, 406, 401, 410"
"366323","WAYSIDE FARM INC","PENINSULA","OH","88","0.0","0.0","0.0","401, 406, 407, 410"
"366338","NATIONAL CHURCH RESIDENCES CHILLICOTHE","CHILLICOTHE","OH","42","0.0","0.0","0.0","406, 407, 401, 410"
"366363","LAURELS OF STEUBENVILLE THE","STEUBENVILLE","OH","85","0.0","0.0","0.0","401, 410, 406, 407"
"366441","SEVEN HILLS HEALTH & REHAB CENTER","SEVEN HILLS","OH","72","0.0","0.0","0.0","410, 401, 406, 407"
"366487","TALLMADGE HEALTH & REHAB CENTER","TALLMADGE","OH","85","8.88","0.0","0.0","406, 407, 410, 401"
"366493","PROMEDICA SKILLED NURSING & REHAB AT METROHEALTH","CLEVELAND","OH","60","0.0","0.0","0.0","406, 410, 407, 401"
"375094","EMERALD CARE CENTER TULSA","TULSA","OK","66","0.0","0.0","0.0","410, 406, 407, 401"
"375119","HERITAGE AT BRANDON PLACE HEALTH & REHABILITATION","OKLAHOMA CITY","OK","81","0.0","0.0","0.0","410, 407, 401, 406"
"375279","HOBART NURSING & REHABILITATION","HOBART","OK","43","0.0","0.0","0.0","410, 401, 406, 407"
"375362","SHANOAN SPRINGS NURSING AND REHABILITATION","CHICKASHA","OK","56","0.0","7.25","0.0","401, 406, 407, 410"
"375409","CORN HERITAGE VILLAGE AND REHAB","CORN","OK","64","0.0","0.0","10.0","401, 406, 407, 410"
"375417","WESTHAVEN NURSING HOME","STILLWATER","OK","69","0.0","0.0","0.0","406, 401, 410, 407"
"375428","TUTTLE CARE CENTER","TUTTLE","OK","44","0.0","0.0","0.0","401, 406, 407, 410"
"375429","TEMPLE MANOR NURSING HOME","TEMPLE","OK","36","0.0","0.0","0.0","410, 401, 407, 406"
"375520","NORTHWEST NURSING CENTER","OKLAHOMA CITY","OK","51","0.0","0.0","0.0","410, 406, 401, 407"
"375556","SHERWOOD MANOR NURSING HOME","TULSA","OK","65","0.0","0.0","8.0","410, 406, 407, 401"
"385045","PORTHAVEN HEALTHCARE CENTER","PORTLAND","OR","66","0.0","0.0","0.0","401, 410, 407, 406"
"385133","FAIRLAWN HEALTH AND REHAB OF CASCADIA","GRESHAM","OR","61","0.0","0.0","0.0","406, 407, 401, 410"
"385150","MOLALLA MANOR CARE CENTER","MOLALLA","OR","42","0.0","0.0","0.0","410, 407, 406, 401"
"385152","COAST FORK NURSING CENTER","COTTAGE GROVE","OR","51","0.0","0.0","0.0","407, 410, 406, 401"
"385155","FOREST GROVE REHABILITATION AND CARE CENTER","FOREST GROVE","OR","74","0.0","0.0","0.0","401, 406, 410, 407"
"385161","MILTON FREEWATER HEALTH & REHABILITATION CENTER","MILTON FREEWATER","OR","27","0.0","0.0","0.0","407, 406, 401, 410"
"385187","CASCADE TERRACE","PORTLAND","OR","65","0.0","0.0","0.0","406, 407, 410, 401"
"385188","INDEPENDENCE HEALTH & REHABILITATION CENTER","INDEPENDENCE","OR","28","0.0","0.0","0.0","401, 406, 407, 410"
"385225","PRESTIGE POST-ACUTE & REHAB CENTER - MCMINNVILLE","MCMINNVILLE","OR","51","0.0","0.0","0.0","410, 406, 407, 401"
"385245","OREGON CITY HEALTH CARE CENTER","OREGON CITY","OR","34","0.0","0.0","0.0","410, 401, 407, 406"
"385259","HOLLADAY PARK PLAZA","PORTLAND","OR","36","0.0","0.0","0.0","406, 401, 407, 410"
"395042","NIGHTINGALE NURSING AND REHAB CENTER","ERIE","PA","111","8.0","43.34","0.0","406, 401, 407, 410"
"395300","WEXFORD HEALTHCARE CENTER","WEXFORD","PA","135","0.0","0.0","10.5","407, 410, 406, 401"
"395330","CHELTENHAM NURSING AND REHAB C","PHILADELPHIA","PA","173","0.0","74.0","113.25","410, 401, 406, 407"
"395409","LIBERTY POINTE REHABILITATION AND HEALTHCARE CTR","DOYLESTOWN","PA","163","9.1","0.0","0.0","401, 407, 406, 410"
"395485","ACCELERATE SKILLED NURSINGANDREHABILITATION PHILA","PHILADELPHIA","PA","121","0.0","59.84","7.5","410, 406, 407, 401"
"395494","SLATE BELT HEALTH & REHABILITATION CENTER","BANGOR","PA","112","0.0","7.71","17.28","401, 406, 407, 410"
"395530","PRESBYTERIAN HOMES-PRESBY","HOLLIDAYSBURG","PA","63","0.0","0.0","0.0","407, 410, 406, 401"
"395533","WINDY HILL VILLAGE OF PRESBYTERIAN HOMES","PHILIPSBURG","PA","71","0.0","0.0","22.0","401, 406, 407, 410"
"395536","EDISON MANOR NURSING & REHABILITATION CENTER","NEW CASTLE","PA","110","0.0","0.0","0.0","407, 410, 401, 406"
"395567","DUNMORE HEALTH CARE CENTER","DUNMORE","PA","86","0.0","16.38","8.25","406, 401, 407, 410"
"395682","PROVIDENCE HEALTH & REHAB CENTER","BEAVER FALLS","PA","122","0.0","15.57","0.0","410, 407, 401, 406"
"395786","PLEASANT VIEW COMMUNITIES","MANHEIM","PA","87","0.0","0.0","0.0","410, 401, 406, 407"
"555085","CLAREMONT MANOR CARE CENTER","CLAREMONT","CA","40","0.0","8.12","0.0","406, 401, 407, 410"
"555122","MCKINLEY PARK CARE CENTER","SACRAMENTO","CA","76","0.0","0.0","7.18","410, 406, 407, 401"
"555126","ARARAT CONVALESCENT HOSPITAL","LOS ANGELES","CA","40","0.0","0.0","0.0","401, 407, 406, 410"
"555158","EL CENTRO POST-ACUTE CARE","EL CENTRO","CA","120","0.0","0.0","0.0","410, 407, 406, 401"
"555189","MERCY RETIREMENT & CARE CENTER","OAKLAND","CA","47","0.0","0.0","0.0","410, 407, 401, 406"
"555213","PASADENA CARE CENTER  LLC","PASADENA","CA","64","0.0","0.0","0.0","407, 401, 406, 410"
"555283","CRYSTAL RIDGE CARE CENTER","GRASS VALLEY","CA","98","0.0","7.5","50.95","410, 401, 407, 406"
"555468","BEAR VALLEY COMMUNITY HOSPITAL","BIG BEAR LAKE","CA","23","0.0","0.0","0.0","401, 406, 407, 410"
"555524","HEALTH CARE CTR AT THE FORUM AT RANCHO SAN ANTONIO","CUPERTINO","CA","35","0.0","0.0","0.0","407, 401, 406, 410"
"555713","MEADOWOOD A HEALTH AND REHABILITATION CENTER","STOCKTON","CA","77","0.0","0.0","0.0","401, 407, 410, 406"
"555777","BISHOP CARE CENTER","BISHOP","CA","87","0.0","6.5","8.25","401, 407, 410, 406"
"555794","SHERWOOD OAKS POST ACUTE","THOUSAND OAKS","CA","91","0.0","0.0","0.0","406, 401, 407, 410"
"555916","O'CONNOR HOSPITAL D/P SNF","SAN JOSE","CA","23","0.0","0.0","0.0","406, 407, 401, 410"
